,Unnamed: 0,Unnamed: 0.1,Unnamed: 0.1.1,week_date,week_count,sui1,sui2,sui3,neg,pos,pre,path
0,0.0,0.0,0.0,2005-01-09,12.0,30.0,0.0,32.0,0.963,1.3259999999999998,12.0,
1,1.0,1.0,1.0,2005-01-16,17.0,30.0,100.0,32.0,1.2770000000000001,0.504,17.0,
2,2.0,2.0,2.0,2005-01-23,15.0,0.0,0.0,32.0,0.7340000000000001,0.596,15.0,
3,3.0,3.0,3.0,2005-01-30,9.0,29.0,0.0,47.0,1.3619999999999999,0.872,9.0,
4,4.0,4.0,4.0,2005-02-06,11.0,0.0,0.0,32.0,1.4240000000000002,1.297,11.0,
5,5.0,5.0,5.0,2005-02-13,7.0,39.0,0.0,41.0,1.046,0.787,7.0,
6,6.0,6.0,6.0,2005-02-20,17.0,28.0,0.0,30.0,1.482,0.643,17.0,
7,7.0,7.0,7.0,2005-02-27,12.0,58.0,100.0,48.0,1.138,1.197,12.0,
8,8.0,8.0,8.0,2005-03-06,8.0,29.0,0.0,61.0,1.183,0.9640000000000001,8.0,
9,9.0,9.0,9.0,2005-03-13,16.0,52.0,0.0,85.0,1.386,0.787,16.0,
10,10.0,10.0,10.0,2005-03-20,13.0,26.0,0.0,29.0,0.877,0.841,13.0,
11,11.0,11.0,11.0,2005-03-27,11.0,28.0,96.0,61.0,0.698,1.163,11.0,
12,12.0,12.0,12.0,2005-04-03,12.0,0.0,84.0,26.0,1.04,0.983,12.0,
13,13.0,13.0,13.0,2005-04-10,16.0,0.0,0.0,41.0,1.157,0.722,16.0,
14,14.0,14.0,14.0,2005-04-17,16.0,25.0,0.0,27.0,0.951,0.8109999999999999,16.0,
15,15.0,15.0,15.0,2005-04-24,13.0,26.0,0.0,42.0,0.693,0.821,13.0,
16,16.0,16.0,16.0,2005-05-01,21.0,51.0,0.0,0.0,1.2309999999999999,0.792,21.0,
17,17.0,17.0,17.0,2005-05-08,17.0,67.0,0.0,29.0,1.3330000000000002,0.5589999999999999,17.0,
18,18.0,18.0,18.0,2005-05-15,28.0,0.0,86.0,27.0,1.4880000000000002,0.9329999999999999,28.0,
19,19.0,19.0,19.0,2005-05-22,22.0,27.0,0.0,29.0,0.71,1.4809999999999999,22.0,
20,20.0,20.0,20.0,2005-05-29,22.0,0.0,0.0,69.0,0.8029999999999999,0.653,22.0,
21,21.0,21.0,21.0,2005-06-05,17.0,0.0,0.0,28.0,1.1420000000000001,0.856,17.0,
22,22.0,22.0,22.0,2005-06-12,18.0,26.0,0.0,28.0,1.246,1.224,18.0,
23,23.0,23.0,23.0,2005-06-19,12.0,50.0,0.0,27.0,1.232,0.753,12.0,
24,24.0,24.0,24.0,2005-06-26,12.0,38.0,0.0,0.0,0.742,1.09,12.0,
25,25.0,25.0,25.0,2005-07-03,16.0,0.0,92.0,29.0,0.813,1.232,16.0,
26,26.0,26.0,26.0,2005-07-10,21.0,0.0,89.0,56.0,0.629,1.126,21.0,
27,27.0,27.0,27.0,2005-07-17,14.0,26.0,0.0,28.0,0.927,0.528,14.0,
28,28.0,28.0,28.0,2005-07-24,15.0,25.0,0.0,56.0,0.873,1.295,15.0,
29,29.0,29.0,29.0,2005-07-31,16.0,26.0,0.0,28.0,0.8390000000000001,1.245,16.0,
30,30.0,30.0,30.0,2005-08-07,17.0,0.0,0.0,28.0,0.9670000000000001,1.3659999999999999,17.0,
31,31.0,31.0,31.0,2005-08-14,14.0,0.0,0.0,27.0,0.561,0.903,14.0,
32,32.0,32.0,32.0,2005-08-21,4.0,25.0,0.0,36.0,1.271,1.069,4.0,
33,33.0,33.0,33.0,2005-08-28,13.0,0.0,0.0,31.0,1.31,1.3019999999999998,13.0,
34,34.0,34.0,34.0,2005-09-04,18.0,49.0,85.0,91.0,1.3230000000000002,1.205,18.0,
35,35.0,35.0,35.0,2005-09-11,15.0,24.0,0.0,0.0,0.915,1.074,15.0,
36,36.0,36.0,36.0,2005-09-18,13.0,36.0,0.0,79.0,0.5820000000000001,1.077,13.0,
37,37.0,37.0,37.0,2005-09-25,14.0,100.0,0.0,0.0,1.062,1.2429999999999999,14.0,
38,38.0,38.0,38.0,2005-10-02,10.0,47.0,0.0,25.0,0.857,0.825,10.0,
39,39.0,39.0,39.0,2005-10-09,22.0,24.0,0.0,26.0,1.212,0.775,22.0,
40,40.0,40.0,40.0,2005-10-16,13.0,36.0,0.0,0.0,0.9940000000000001,1.403,13.0,
41,41.0,41.0,41.0,2005-10-23,12.0,23.0,80.0,25.0,0.649,1.2919999999999998,12.0,
42,42.0,42.0,42.0,2005-10-30,18.0,35.0,80.0,100.0,0.846,0.8220000000000001,18.0,
43,43.0,43.0,43.0,2005-11-06,22.0,48.0,0.0,26.0,0.621,1.196,22.0,
44,44.0,44.0,44.0,2005-11-13,18.0,27.0,0.0,30.0,0.9129999999999999,0.852,18.0,
45,45.0,45.0,45.0,2005-11-20,10.0,35.0,78.0,25.0,0.693,1.042,10.0,
46,46.0,46.0,46.0,2005-11-27,13.0,69.0,0.0,38.0,0.8029999999999999,0.546,13.0,
47,47.0,47.0,47.0,2005-12-04,16.0,22.0,74.0,32.0,1.454,0.857,16.0,
48,48.0,48.0,48.0,2005-12-11,12.0,46.0,78.0,50.0,0.6709999999999999,0.593,12.0,
49,49.0,49.0,49.0,2005-12-18,16.0,34.0,78.0,49.0,1.022,0.603,16.0,
50,50.0,50.0,50.0,2005-12-25,20.0,25.0,0.0,27.0,0.674,0.9259999999999999,20.0,
51,51.0,51.0,51.0,2006-01-01,15.0,27.0,0.0,56.0,0.6920000000000001,1.005,15.0,
52,52.0,52.0,52.0,2006-01-08,19.0,58.0,100.0,25.0,0.88,0.857,19.0,
53,53.0,53.0,53.0,2006-01-15,14.0,100.0,0.0,28.0,1.472,1.044,14.0,
54,54.0,54.0,54.0,2006-01-22,10.0,0.0,0.0,29.0,1.421,1.044,10.0,
55,55.0,55.0,55.0,2006-01-29,7.0,0.0,0.0,42.0,0.914,1.275,7.0,
56,56.0,56.0,56.0,2006-02-05,9.0,47.0,0.0,32.0,1.22,1.042,9.0,
57,57.0,57.0,57.0,2006-02-12,9.0,35.0,78.0,29.0,1.4669999999999999,1.101,9.0,
58,58.0,58.0,58.0,2006-02-19,9.0,0.0,0.0,25.0,0.78,0.506,9.0,
59,59.0,59.0,59.0,2006-02-26,15.0,52.0,86.0,42.0,1.157,0.973,15.0,
60,60.0,60.0,60.0,2006-03-05,17.0,0.0,0.0,27.0,0.752,0.898,17.0,
61,61.0,61.0,61.0,2006-03-12,12.0,0.0,0.0,27.0,1.15,1.413,12.0,
62,62.0,62.0,62.0,2006-03-19,14.0,28.0,100.0,32.0,1.4280000000000002,0.821,14.0,
63,63.0,63.0,63.0,2006-03-26,15.0,35.0,0.0,32.0,0.8859999999999999,1.2309999999999999,15.0,
64,64.0,64.0,64.0,2006-04-02,21.0,48.0,78.0,25.0,0.9390000000000001,0.765,21.0,
65,65.0,65.0,65.0,2006-04-09,19.0,0.0,100.0,85.0,0.9840000000000001,0.6579999999999999,19.0,
66,66.0,66.0,66.0,2006-04-16,16.0,52.0,0.0,25.0,1.3030000000000002,1.496,16.0,
67,67.0,67.0,67.0,2006-04-23,17.0,47.0,0.0,25.0,1.493,0.8140000000000001,17.0,
68,68.0,68.0,68.0,2006-04-30,16.0,48.0,0.0,25.0,1.12,0.69,16.0,
69,69.0,69.0,69.0,2006-05-07,21.0,26.0,80.0,27.0,0.866,0.96,21.0,
70,70.0,70.0,70.0,2006-05-14,17.0,25.0,0.0,56.0,1.334,1.261,17.0,
71,71.0,71.0,71.0,2006-05-21,17.0,0.0,100.0,32.0,1.068,1.077,17.0,
72,72.0,72.0,72.0,2006-05-28,19.0,52.0,100.0,32.0,1.07,1.044,19.0,
73,73.0,73.0,73.0,2006-06-04,27.0,46.0,0.0,56.0,0.511,0.688,27.0,
74,74.0,74.0,74.0,2006-06-11,18.0,47.0,92.0,27.0,1.038,0.69,18.0,
75,75.0,75.0,75.0,2006-06-18,12.0,26.0,89.0,91.0,0.946,0.509,12.0,
76,76.0,76.0,76.0,2006-06-25,10.0,100.0,0.0,32.0,0.575,1.099,10.0,
77,77.0,77.0,77.0,2006-07-02,13.0,30.0,92.0,61.0,0.879,0.512,13.0,
78,78.0,78.0,78.0,2006-07-09,11.0,51.0,80.0,30.0,0.629,0.8690000000000001,11.0,
79,79.0,79.0,79.0,2006-07-16,11.0,25.0,80.0,42.0,0.55,0.603,11.0,
80,80.0,80.0,80.0,2006-07-23,14.0,24.0,0.0,79.0,0.992,0.6,14.0,
81,81.0,81.0,81.0,2006-07-30,14.0,35.0,80.0,61.0,0.853,1.38,14.0,
82,82.0,82.0,82.0,2006-08-06,15.0,25.0,0.0,32.0,1.224,0.755,15.0,
83,83.0,83.0,83.0,2006-08-13,17.0,52.0,100.0,0.0,0.7190000000000001,0.53,17.0,
84,84.0,84.0,84.0,2006-08-20,14.0,27.0,78.0,0.0,0.68,0.9520000000000001,14.0,
85,85.0,85.0,85.0,2006-08-27,10.0,25.0,0.0,32.0,0.523,1.131,10.0,
86,86.0,86.0,86.0,2006-09-03,16.0,0.0,78.0,31.0,0.615,0.742,16.0,
87,87.0,87.0,87.0,2006-09-10,13.0,25.0,0.0,25.0,0.807,0.511,13.0,
88,88.0,88.0,88.0,2006-09-17,20.0,30.0,0.0,0.0,0.847,1.4169999999999998,20.0,
89,89.0,89.0,89.0,2006-09-24,20.0,50.0,0.0,29.0,1.101,1.435,20.0,
90,90.0,90.0,90.0,2006-10-01,14.0,25.0,0.0,25.0,0.621,0.602,14.0,
91,91.0,91.0,91.0,2006-10-08,14.0,51.0,86.0,0.0,0.621,1.48,14.0,
92,92.0,92.0,92.0,2006-10-15,10.0,69.0,0.0,29.0,1.494,1.349,10.0,
93,93.0,93.0,93.0,2006-10-22,12.0,47.0,0.0,79.0,1.035,0.598,12.0,
94,94.0,94.0,94.0,2006-10-29,18.0,26.0,80.0,91.0,1.1440000000000001,1.389,18.0,
95,95.0,95.0,95.0,2006-11-05,16.0,30.0,0.0,26.0,1.386,0.726,16.0,
96,96.0,96.0,96.0,2006-11-12,19.0,67.0,80.0,0.0,0.9470000000000001,0.759,19.0,
97,97.0,97.0,97.0,2006-11-19,12.0,0.0,0.0,36.0,1.4169999999999998,1.054,12.0,
98,98.0,98.0,98.0,2006-11-26,14.0,51.0,0.0,26.0,0.7090000000000001,1.295,14.0,
99,99.0,99.0,99.0,2006-12-03,8.0,52.0,74.0,41.0,1.255,1.44,8.0,
100,100.0,100.0,100.0,2006-12-10,13.0,0.0,0.0,32.0,0.706,1.464,13.0,
101,101.0,101.0,101.0,2006-12-17,9.0,0.0,74.0,27.0,0.828,1.101,9.0,
102,102.0,102.0,102.0,2006-12-24,5.0,35.0,0.0,26.0,0.509,1.214,5.0,
103,103.0,103.0,103.0,2006-12-31,14.0,100.0,0.0,0.0,0.8490000000000001,1.072,14.0,
104,104.0,104.0,104.0,2007-01-07,14.0,35.0,96.0,0.0,0.7829999999999999,1.48,14.0,
105,105.0,105.0,105.0,2007-01-14,14.0,100.0,0.0,25.0,1.3090000000000002,1.242,14.0,
106,106.0,106.0,106.0,2007-01-21,12.0,25.0,96.0,29.0,1.2229999999999999,0.655,12.0,
107,107.0,107.0,107.0,2007-01-28,5.0,26.0,0.0,61.0,1.031,0.527,5.0,
108,108.0,108.0,108.0,2007-02-04,13.0,0.0,0.0,29.0,1.4869999999999999,1.425,13.0,
109,109.0,109.0,109.0,2007-02-11,17.0,39.0,0.0,29.0,1.294,1.183,17.0,
110,110.0,110.0,110.0,2007-02-18,8.0,30.0,0.0,29.0,0.7020000000000001,1.238,8.0,
111,111.0,111.0,111.0,2007-02-25,14.0,50.0,0.0,27.0,0.635,1.446,14.0,
112,112.0,112.0,112.0,2007-03-04,13.0,30.0,74.0,32.0,1.172,1.006,13.0,
113,113.0,113.0,113.0,2007-03-11,15.0,0.0,0.0,42.0,1.192,1.4369999999999998,15.0,
114,114.0,114.0,114.0,2007-03-18,13.0,100.0,89.0,79.0,0.68,1.357,13.0,
115,115.0,115.0,115.0,2007-03-25,12.0,0.0,0.0,29.0,1.082,0.643,12.0,
116,116.0,116.0,116.0,2007-04-01,19.0,25.0,0.0,32.0,0.745,0.853,19.0,
117,117.0,117.0,117.0,2007-04-08,8.0,0.0,0.0,41.0,1.215,0.675,8.0,
118,118.0,118.0,118.0,2007-04-15,14.0,39.0,0.0,25.0,1.3769999999999998,0.833,14.0,
119,119.0,119.0,119.0,2007-04-22,12.0,47.0,100.0,25.0,1.466,1.444,12.0,
120,120.0,120.0,120.0,2007-04-29,8.0,46.0,0.0,25.0,0.94,0.691,8.0,
121,121.0,121.0,121.0,2007-05-06,11.0,46.0,100.0,29.0,0.52,1.3319999999999999,11.0,
122,122.0,122.0,122.0,2007-05-13,17.0,25.0,100.0,0.0,1.341,1.4380000000000002,17.0,
123,123.0,123.0,123.0,2007-05-20,8.0,69.0,0.0,28.0,0.9329999999999999,0.522,8.0,
124,124.0,124.0,124.0,2007-05-27,15.0,27.0,78.0,79.0,0.659,0.5920000000000001,15.0,
125,125.0,125.0,125.0,2007-06-03,19.0,0.0,0.0,61.0,1.45,1.013,19.0,
126,126.0,126.0,126.0,2007-06-10,14.0,0.0,0.0,56.0,0.8490000000000001,1.4769999999999999,14.0,
127,127.0,127.0,127.0,2007-06-17,13.0,0.0,0.0,32.0,0.847,1.3159999999999998,13.0,
128,128.0,128.0,128.0,2007-06-24,5.0,0.0,0.0,85.0,0.828,0.961,5.0,
129,129.0,129.0,129.0,2007-07-01,14.0,36.0,0.0,91.0,1.146,0.9129999999999999,14.0,
130,130.0,130.0,130.0,2007-07-08,13.0,0.0,0.0,0.0,1.4240000000000002,1.081,13.0,
131,131.0,131.0,131.0,2007-07-15,12.0,46.0,78.0,47.0,1.421,0.993,12.0,
132,132.0,132.0,132.0,2007-07-22,10.0,47.0,0.0,26.0,1.067,0.519,10.0,
133,133.0,133.0,133.0,2007-07-29,17.0,38.0,0.0,25.0,1.249,1.375,17.0,
134,134.0,134.0,134.0,2007-08-05,14.0,47.0,100.0,69.0,0.604,0.748,14.0,
135,135.0,135.0,135.0,2007-08-12,12.0,25.0,0.0,38.0,1.24,1.011,12.0,
136,136.0,136.0,136.0,2007-08-19,7.0,58.0,0.0,25.0,0.547,1.0659999999999998,7.0,
137,137.0,137.0,137.0,2007-08-26,10.0,52.0,0.0,69.0,1.031,0.7190000000000001,10.0,
138,138.0,138.0,138.0,2007-09-02,7.0,46.0,0.0,25.0,1.425,1.465,7.0,
139,139.0,139.0,139.0,2007-09-09,9.0,38.0,0.0,49.0,1.0090000000000001,1.45,9.0,
140,140.0,140.0,140.0,2007-09-16,13.0,0.0,0.0,27.0,0.9620000000000001,1.28,13.0,
141,141.0,141.0,141.0,2007-09-23,16.0,30.0,0.0,32.0,0.512,1.179,16.0,
142,142.0,142.0,142.0,2007-09-30,21.0,52.0,89.0,79.0,0.601,1.403,21.0,
143,143.0,143.0,143.0,2007-10-07,12.0,35.0,0.0,25.0,0.539,1.253,12.0,
144,144.0,144.0,144.0,2007-10-14,18.0,58.0,80.0,91.0,1.374,1.196,18.0,
145,145.0,145.0,145.0,2007-10-21,8.0,52.0,0.0,0.0,1.155,1.4669999999999999,8.0,
146,146.0,146.0,146.0,2007-10-28,7.0,46.0,78.0,0.0,0.623,1.247,7.0,
147,147.0,147.0,147.0,2007-11-04,5.0,30.0,0.0,36.0,0.7859999999999999,0.68,5.0,
148,148.0,148.0,148.0,2007-11-11,10.0,50.0,78.0,0.0,0.867,0.78,10.0,
149,149.0,149.0,149.0,2007-11-18,10.0,35.0,100.0,26.0,0.8809999999999999,1.442,10.0,
150,150.0,150.0,150.0,2007-11-25,11.0,46.0,100.0,29.0,0.851,0.7859999999999999,11.0,
151,151.0,151.0,151.0,2007-12-02,17.0,0.0,0.0,56.0,0.52,1.264,17.0,
152,152.0,152.0,152.0,2007-12-09,11.0,47.0,0.0,61.0,1.348,1.08,11.0,
153,153.0,153.0,153.0,2007-12-16,6.0,69.0,86.0,25.0,0.763,1.403,6.0,
154,154.0,154.0,154.0,2007-12-23,12.0,38.0,0.0,41.0,0.84,1.349,12.0,
155,155.0,155.0,155.0,2007-12-30,11.0,0.0,0.0,27.0,1.13,1.402,11.0,
156,156.0,156.0,156.0,2008-01-06,14.0,48.0,0.0,25.0,1.1440000000000001,1.038,14.0,
157,157.0,157.0,157.0,2008-01-13,13.0,0.0,100.0,69.0,0.596,0.672,13.0,
158,158.0,158.0,158.0,2008-01-20,7.0,48.0,100.0,41.0,1.214,1.49,7.0,
159,159.0,159.0,159.0,2008-01-27,7.0,34.0,0.0,0.0,1.072,0.878,7.0,
160,160.0,160.0,160.0,2008-02-03,9.0,51.0,0.0,91.0,1.145,1.023,9.0,
161,161.0,161.0,161.0,2008-02-10,7.0,25.0,100.0,0.0,1.473,0.6709999999999999,7.0,
162,162.0,162.0,162.0,2008-02-17,13.0,26.0,0.0,32.0,1.18,0.607,13.0,
163,163.0,163.0,163.0,2008-02-24,18.0,24.0,0.0,25.0,1.123,1.047,18.0,
164,164.0,164.0,164.0,2008-03-02,13.0,27.0,0.0,42.0,0.639,0.7879999999999999,13.0,
165,165.0,165.0,165.0,2008-03-09,8.0,26.0,0.0,32.0,0.9129999999999999,0.6629999999999999,8.0,
166,166.0,166.0,166.0,2008-03-16,14.0,26.0,78.0,28.0,0.826,1.19,14.0,
167,167.0,167.0,167.0,2008-03-23,16.0,24.0,0.0,32.0,1.368,1.176,16.0,
168,168.0,168.0,168.0,2008-03-30,16.0,0.0,0.0,25.0,0.861,0.603,16.0,
169,169.0,169.0,169.0,2008-04-06,12.0,0.0,0.0,42.0,0.705,0.5920000000000001,12.0,
170,170.0,170.0,170.0,2008-04-13,22.0,30.0,0.0,25.0,1.4269999999999998,0.779,22.0,
171,171.0,171.0,171.0,2008-04-20,14.0,0.0,100.0,30.0,0.826,0.7879999999999999,14.0,
172,172.0,172.0,172.0,2008-04-27,15.0,100.0,100.0,25.0,1.406,0.797,15.0,
173,173.0,173.0,173.0,2008-05-04,14.0,0.0,0.0,41.0,1.2670000000000001,1.238,14.0,
174,174.0,174.0,174.0,2008-05-11,6.0,28.0,0.0,56.0,0.7190000000000001,1.402,6.0,
175,175.0,175.0,175.0,2008-05-18,12.0,69.0,0.0,42.0,0.529,0.616,12.0,
176,176.0,176.0,176.0,2008-05-25,6.0,46.0,100.0,69.0,1.284,1.099,6.0,
177,177.0,177.0,177.0,2008-06-01,13.0,0.0,100.0,27.0,1.161,1.24,13.0,
178,178.0,178.0,178.0,2008-06-08,7.0,36.0,0.0,50.0,1.473,1.4909999999999999,7.0,
179,179.0,179.0,179.0,2008-06-15,20.0,47.0,0.0,28.0,1.1540000000000001,0.657,20.0,
180,180.0,180.0,180.0,2008-06-22,17.0,52.0,0.0,41.0,0.632,1.2009999999999998,17.0,
181,181.0,181.0,181.0,2008-06-29,12.0,38.0,0.0,29.0,1.1909999999999998,0.732,12.0,
182,182.0,182.0,182.0,2008-07-06,9.0,24.0,0.0,32.0,1.4980000000000002,0.5770000000000001,9.0,
183,183.0,183.0,183.0,2008-07-13,18.0,25.0,100.0,61.0,0.82,1.47,18.0,
184,184.0,184.0,184.0,2008-07-20,15.0,100.0,0.0,29.0,0.6890000000000001,0.882,15.0,
185,185.0,185.0,185.0,2008-07-27,11.0,0.0,80.0,91.0,0.613,0.8370000000000001,11.0,
186,186.0,186.0,186.0,2008-08-03,10.0,25.0,0.0,32.0,1.23,0.888,10.0,
187,187.0,187.0,187.0,2008-08-10,10.0,24.0,0.0,25.0,1.046,1.22,10.0,
188,188.0,188.0,188.0,2008-08-17,13.0,22.0,0.0,69.0,1.1740000000000002,0.626,13.0,
189,189.0,189.0,189.0,2008-08-24,13.0,0.0,0.0,30.0,0.833,0.966,13.0,
190,190.0,190.0,190.0,2008-08-31,17.0,100.0,89.0,27.0,1.2690000000000001,0.593,17.0,
191,191.0,191.0,191.0,2008-09-07,12.0,26.0,0.0,26.0,0.7509999999999999,0.7759999999999999,12.0,
192,192.0,192.0,192.0,2008-09-14,17.0,25.0,0.0,42.0,1.4369999999999998,0.7979999999999999,17.0,
193,193.0,193.0,193.0,2008-09-21,15.0,25.0,0.0,29.0,1.107,1.4909999999999999,15.0,
194,194.0,194.0,194.0,2008-09-28,10.0,30.0,0.0,91.0,0.5710000000000001,1.182,10.0,
195,195.0,195.0,195.0,2008-10-05,10.0,0.0,0.0,26.0,0.6829999999999999,0.511,10.0,
196,196.0,196.0,196.0,2008-10-12,5.0,100.0,0.0,32.0,0.556,1.317,5.0,
197,197.0,197.0,197.0,2008-10-19,24.0,52.0,0.0,41.0,1.443,0.659,24.0,
198,198.0,198.0,198.0,2008-10-26,12.0,46.0,0.0,100.0,1.34,0.8109999999999999,12.0,
199,199.0,199.0,199.0,2008-11-02,11.0,25.0,0.0,28.0,1.047,1.319,11.0,
200,200.0,200.0,200.0,2008-11-09,16.0,26.0,96.0,49.0,0.904,0.802,16.0,
201,201.0,201.0,201.0,2008-11-16,9.0,0.0,0.0,30.0,1.265,0.5479999999999999,9.0,
202,202.0,202.0,202.0,2008-11-23,4.0,35.0,100.0,36.0,0.985,1.215,4.0,
203,203.0,203.0,203.0,2008-11-30,19.0,25.0,0.0,25.0,0.961,0.63,19.0,
204,204.0,204.0,204.0,2008-12-07,14.0,46.0,86.0,0.0,1.4240000000000002,0.691,14.0,
205,205.0,205.0,205.0,2008-12-14,17.0,27.0,100.0,27.0,1.099,0.539,17.0,
206,206.0,206.0,206.0,2008-12-21,15.0,24.0,0.0,91.0,0.807,0.961,15.0,
207,207.0,207.0,207.0,2008-12-28,13.0,39.0,80.0,79.0,0.59,1.2590000000000001,13.0,
208,208.0,208.0,208.0,2009-01-04,15.0,25.0,0.0,29.0,0.626,0.972,15.0,
209,209.0,209.0,209.0,2009-01-11,13.0,100.0,86.0,91.0,0.863,1.3840000000000001,13.0,
210,210.0,210.0,210.0,2009-01-18,16.0,0.0,0.0,29.0,1.46,0.9309999999999999,16.0,
211,211.0,211.0,211.0,2009-01-25,10.0,27.0,100.0,61.0,1.247,0.7509999999999999,10.0,
212,212.0,212.0,212.0,2009-02-01,14.0,30.0,0.0,56.0,1.276,1.145,14.0,
213,213.0,213.0,213.0,2009-02-08,22.0,28.0,80.0,27.0,1.489,0.7140000000000001,22.0,
214,214.0,214.0,214.0,2009-02-15,21.0,0.0,0.0,28.0,0.625,1.228,21.0,
215,215.0,215.0,215.0,2009-02-22,14.0,25.0,0.0,32.0,0.7170000000000001,1.3769999999999998,14.0,
216,216.0,216.0,216.0,2009-03-01,18.0,0.0,100.0,56.0,0.511,0.557,18.0,
217,217.0,217.0,217.0,2009-03-08,15.0,36.0,0.0,29.0,1.449,1.117,15.0,
218,218.0,218.0,218.0,2009-03-15,12.0,49.0,0.0,47.0,1.077,1.016,12.0,
219,219.0,219.0,219.0,2009-03-22,19.0,28.0,0.0,69.0,0.862,1.4609999999999999,19.0,
220,220.0,220.0,220.0,2009-03-29,14.0,0.0,0.0,91.0,0.997,0.893,14.0,
221,221.0,221.0,221.0,2009-04-05,14.0,0.0,0.0,79.0,1.489,1.33,14.0,
222,222.0,222.0,222.0,2009-04-12,7.0,0.0,0.0,28.0,0.6809999999999999,0.6920000000000001,7.0,
223,223.0,223.0,223.0,2009-04-19,15.0,0.0,100.0,28.0,0.57,1.2930000000000001,15.0,
224,224.0,224.0,224.0,2009-04-26,14.0,47.0,0.0,61.0,0.9840000000000001,0.871,14.0,
225,225.0,225.0,225.0,2009-05-03,17.0,36.0,0.0,100.0,0.992,0.78,17.0,
226,226.0,226.0,226.0,2009-05-10,7.0,100.0,0.0,41.0,0.7290000000000001,1.187,7.0,
227,227.0,227.0,227.0,2009-05-17,21.0,28.0,0.0,32.0,1.02,1.445,21.0,
228,228.0,228.0,228.0,2009-05-24,15.0,0.0,0.0,30.0,1.214,0.691,15.0,
229,229.0,229.0,229.0,2009-05-31,8.0,0.0,0.0,30.0,1.136,1.089,8.0,
230,230.0,230.0,230.0,2009-06-07,14.0,24.0,0.0,27.0,1.48,0.743,14.0,
231,231.0,231.0,231.0,2009-06-14,18.0,26.0,0.0,25.0,1.4409999999999998,1.376,18.0,
232,232.0,232.0,232.0,2009-06-21,9.0,46.0,0.0,29.0,1.4980000000000002,1.215,9.0,
233,233.0,233.0,233.0,2009-06-28,12.0,0.0,0.0,26.0,0.917,0.6809999999999999,12.0,
234,234.0,234.0,234.0,2009-07-05,14.0,48.0,100.0,69.0,1.4580000000000002,0.507,14.0,
235,235.0,235.0,235.0,2009-07-12,16.0,0.0,0.0,25.0,0.807,0.621,16.0,
236,236.0,236.0,236.0,2009-07-19,14.0,58.0,86.0,0.0,0.653,1.3159999999999998,14.0,
237,237.0,237.0,237.0,2009-07-26,13.0,25.0,0.0,56.0,1.218,0.851,13.0,
238,238.0,238.0,238.0,2009-08-02,12.0,34.0,0.0,91.0,0.792,0.703,12.0,
239,239.0,239.0,239.0,2009-08-09,4.0,25.0,0.0,26.0,0.6940000000000001,0.9520000000000001,4.0,
240,240.0,240.0,240.0,2009-08-16,12.0,0.0,0.0,29.0,1.0090000000000001,0.826,12.0,
241,241.0,241.0,241.0,2009-08-23,18.0,47.0,0.0,61.0,1.368,0.609,18.0,
242,242.0,242.0,242.0,2009-08-30,19.0,24.0,0.0,25.0,1.271,0.5579999999999999,19.0,
243,243.0,243.0,243.0,2009-09-06,9.0,0.0,0.0,91.0,0.94,1.004,9.0,
244,244.0,244.0,244.0,2009-09-13,11.0,35.0,80.0,0.0,1.0090000000000001,0.727,11.0,
245,245.0,245.0,245.0,2009-09-20,10.0,39.0,0.0,61.0,1.044,1.015,10.0,
246,246.0,246.0,246.0,2009-09-27,11.0,0.0,0.0,27.0,0.9309999999999999,0.778,11.0,
247,247.0,247.0,247.0,2009-10-04,10.0,36.0,0.0,0.0,1.452,1.217,10.0,
248,248.0,248.0,248.0,2009-10-11,10.0,24.0,96.0,42.0,0.983,1.2590000000000001,10.0,
249,249.0,249.0,249.0,2009-10-18,14.0,28.0,0.0,27.0,1.412,1.49,14.0,
250,250.0,250.0,250.0,2009-10-25,14.0,0.0,0.0,69.0,0.7140000000000001,1.035,14.0,
251,251.0,251.0,251.0,2009-11-01,9.0,0.0,0.0,49.0,1.053,1.261,9.0,
252,252.0,252.0,252.0,2009-11-08,14.0,30.0,0.0,61.0,0.569,1.365,14.0,
253,253.0,253.0,253.0,2009-11-15,16.0,26.0,80.0,32.0,0.509,1.1840000000000002,16.0,
254,254.0,254.0,254.0,2009-11-22,8.0,0.0,100.0,32.0,1.071,1.245,8.0,
255,255.0,255.0,255.0,2009-11-29,11.0,30.0,100.0,69.0,0.6940000000000001,0.569,11.0,
256,256.0,256.0,256.0,2009-12-06,14.0,0.0,0.0,28.0,1.138,1.4969999999999999,14.0,
257,257.0,257.0,257.0,2009-12-13,13.0,47.0,0.0,61.0,1.199,1.349,13.0,
258,258.0,258.0,258.0,2009-12-20,19.0,47.0,100.0,25.0,0.713,0.782,19.0,
259,259.0,259.0,259.0,2009-12-27,9.0,47.0,0.0,56.0,0.78,1.3030000000000002,9.0,
260,260.0,260.0,260.0,2010-01-03,17.0,30.0,0.0,61.0,1.187,0.5770000000000001,17.0,
261,261.0,261.0,261.0,2010-01-10,15.0,27.0,0.0,32.0,0.515,0.77,15.0,
262,262.0,262.0,262.0,2010-01-17,8.0,0.0,100.0,42.0,0.8490000000000001,0.532,8.0,
263,263.0,263.0,263.0,2010-01-24,12.0,39.0,92.0,42.0,1.44,1.124,12.0,
264,264.0,264.0,264.0,2010-01-31,14.0,0.0,0.0,32.0,1.078,1.172,14.0,
265,265.0,265.0,265.0,2010-02-07,21.0,25.0,78.0,26.0,0.856,0.784,21.0,
266,266.0,266.0,266.0,2010-02-14,15.0,27.0,80.0,27.0,1.1840000000000002,1.016,15.0,
267,267.0,267.0,267.0,2010-02-21,14.0,35.0,0.0,0.0,1.126,0.7240000000000001,14.0,
268,268.0,268.0,268.0,2010-02-28,21.0,38.0,0.0,42.0,1.2890000000000001,0.6779999999999999,21.0,
269,269.0,269.0,269.0,2010-03-07,15.0,36.0,0.0,85.0,0.705,1.347,15.0,
270,270.0,270.0,270.0,2010-03-14,8.0,47.0,0.0,32.0,0.78,1.28,8.0,
271,271.0,271.0,271.0,2010-03-21,9.0,25.0,0.0,28.0,0.677,0.7909999999999999,9.0,
272,272.0,272.0,272.0,2010-03-28,11.0,30.0,0.0,26.0,0.747,0.598,11.0,
273,273.0,273.0,273.0,2010-04-04,11.0,0.0,0.0,29.0,0.509,1.141,11.0,
274,274.0,274.0,274.0,2010-04-11,14.0,39.0,100.0,56.0,1.197,0.9229999999999999,14.0,
275,275.0,275.0,275.0,2010-04-18,13.0,25.0,0.0,50.0,0.7609999999999999,1.3130000000000002,13.0,
276,276.0,276.0,276.0,2010-04-25,12.0,0.0,0.0,26.0,0.93,0.9740000000000001,12.0,
277,277.0,277.0,277.0,2010-05-02,11.0,0.0,0.0,61.0,1.374,0.728,11.0,
278,278.0,278.0,278.0,2010-05-09,15.0,35.0,78.0,0.0,0.768,0.912,15.0,
279,279.0,279.0,279.0,2010-05-16,14.0,39.0,100.0,61.0,1.226,1.192,14.0,
280,280.0,280.0,280.0,2010-05-23,16.0,0.0,0.0,79.0,0.96,0.746,16.0,
281,281.0,281.0,281.0,2010-05-30,21.0,58.0,100.0,26.0,1.3359999999999999,0.527,21.0,
282,282.0,282.0,282.0,2010-06-06,15.0,39.0,100.0,25.0,1.1909999999999998,0.58,15.0,
283,283.0,283.0,283.0,2010-06-13,15.0,36.0,0.0,79.0,1.21,0.9179999999999999,15.0,
284,284.0,284.0,284.0,2010-06-20,12.0,24.0,80.0,0.0,1.449,0.8370000000000001,12.0,
285,285.0,285.0,285.0,2010-06-27,17.0,0.0,0.0,42.0,0.946,1.364,17.0,
286,286.0,286.0,286.0,2010-07-04,8.0,0.0,0.0,31.0,1.422,0.687,8.0,
287,287.0,287.0,287.0,2010-07-11,16.0,46.0,0.0,56.0,1.284,1.4680000000000002,16.0,
288,288.0,288.0,288.0,2010-07-18,12.0,52.0,0.0,32.0,0.619,1.3769999999999998,12.0,
289,289.0,289.0,289.0,2010-07-25,19.0,38.0,0.0,61.0,1.047,1.026,19.0,
290,290.0,290.0,290.0,2010-08-01,11.0,100.0,80.0,91.0,1.4909999999999999,0.7490000000000001,11.0,
291,291.0,291.0,291.0,2010-08-08,13.0,0.0,0.0,0.0,1.2590000000000001,1.077,13.0,
292,292.0,292.0,292.0,2010-08-15,14.0,47.0,0.0,49.0,1.1059999999999999,1.124,14.0,
293,293.0,293.0,293.0,2010-08-22,12.0,25.0,0.0,29.0,1.254,0.8640000000000001,12.0,
294,294.0,294.0,294.0,2010-08-29,8.0,25.0,78.0,32.0,1.012,0.741,8.0,
295,295.0,295.0,295.0,2010-09-05,13.0,25.0,80.0,41.0,1.077,0.701,13.0,
296,296.0,296.0,296.0,2010-09-12,15.0,0.0,100.0,0.0,0.7979999999999999,1.055,15.0,
297,297.0,297.0,297.0,2010-09-19,13.0,0.0,0.0,41.0,0.903,0.987,13.0,
298,298.0,298.0,298.0,2010-09-26,18.0,50.0,0.0,0.0,1.4380000000000002,0.809,18.0,
299,299.0,299.0,299.0,2010-10-03,17.0,25.0,100.0,0.0,0.948,0.794,17.0,
300,300.0,300.0,300.0,2010-10-10,16.0,26.0,100.0,29.0,1.0270000000000001,0.52,16.0,
301,301.0,301.0,301.0,2010-10-17,14.0,34.0,0.0,32.0,1.082,0.965,14.0,
302,302.0,302.0,302.0,2010-10-24,9.0,47.0,0.0,27.0,1.28,1.073,9.0,
303,303.0,303.0,303.0,2010-10-31,13.0,24.0,0.0,41.0,1.128,0.6809999999999999,13.0,
304,304.0,304.0,304.0,2010-11-07,10.0,0.0,0.0,32.0,1.34,1.472,10.0,
305,305.0,305.0,305.0,2010-11-14,18.0,0.0,0.0,42.0,1.137,1.123,18.0,
306,306.0,306.0,306.0,2010-11-21,16.0,28.0,100.0,32.0,1.0979999999999999,1.274,16.0,
307,307.0,307.0,307.0,2010-11-28,19.0,0.0,0.0,29.0,1.128,1.068,19.0,
308,308.0,308.0,308.0,2010-12-05,11.0,38.0,0.0,91.0,0.765,1.278,11.0,
309,309.0,309.0,309.0,2010-12-12,26.0,52.0,100.0,32.0,1.276,0.945,26.0,
310,310.0,310.0,310.0,2010-12-19,11.0,30.0,78.0,29.0,0.946,1.402,11.0,
311,311.0,311.0,311.0,2010-12-26,13.0,46.0,100.0,61.0,0.9670000000000001,1.171,13.0,
312,312.0,312.0,312.0,2011-01-02,13.0,35.0,78.0,41.0,1.188,1.305,13.0,
313,313.0,313.0,313.0,2011-01-09,13.0,36.0,0.0,56.0,1.419,1.35,13.0,
314,314.0,314.0,314.0,2011-01-16,10.0,46.0,0.0,32.0,1.2429999999999999,0.628,10.0,
315,315.0,315.0,315.0,2011-01-23,13.0,28.0,80.0,91.0,0.925,0.6940000000000001,13.0,
316,316.0,316.0,316.0,2011-01-30,7.0,26.0,100.0,29.0,1.435,0.55,7.0,
317,317.0,317.0,317.0,2011-02-06,15.0,36.0,80.0,25.0,0.6920000000000001,0.504,15.0,
318,318.0,318.0,318.0,2011-02-13,14.0,52.0,0.0,32.0,1.177,1.301,14.0,
319,319.0,319.0,319.0,2011-02-20,17.0,25.0,0.0,32.0,1.003,1.002,17.0,
320,320.0,320.0,320.0,2011-02-27,11.0,0.0,100.0,85.0,0.9179999999999999,1.485,11.0,
321,321.0,321.0,321.0,2011-03-06,15.0,52.0,0.0,61.0,0.785,0.716,15.0,
322,322.0,322.0,322.0,2011-03-13,7.0,39.0,100.0,47.0,1.462,0.637,7.0,
323,323.0,323.0,323.0,2011-03-20,10.0,0.0,0.0,0.0,1.071,1.272,10.0,
324,324.0,324.0,324.0,2011-03-27,12.0,0.0,0.0,32.0,1.169,0.5489999999999999,12.0,
325,325.0,325.0,325.0,2011-04-03,15.0,30.0,100.0,79.0,0.8809999999999999,0.578,15.0,
326,326.0,326.0,326.0,2011-04-10,16.0,47.0,0.0,91.0,0.7879999999999999,1.45,16.0,
327,327.0,327.0,327.0,2011-04-17,12.0,52.0,0.0,30.0,1.037,0.731,12.0,
328,328.0,328.0,328.0,2011-04-24,12.0,0.0,96.0,47.0,0.69,1.402,12.0,
329,329.0,329.0,329.0,2011-05-01,9.0,0.0,0.0,91.0,0.848,1.442,9.0,
330,330.0,330.0,330.0,2011-05-08,18.0,52.0,0.0,0.0,1.229,0.605,18.0,
331,331.0,331.0,331.0,2011-05-15,12.0,25.0,0.0,29.0,0.831,0.616,12.0,
332,332.0,332.0,332.0,2011-05-22,13.0,0.0,0.0,26.0,0.789,0.507,13.0,
333,333.0,333.0,333.0,2011-05-29,11.0,35.0,0.0,56.0,0.917,1.3769999999999998,11.0,
334,334.0,334.0,334.0,2011-06-05,14.0,0.0,100.0,29.0,0.768,0.706,14.0,
335,335.0,335.0,335.0,2011-06-12,9.0,24.0,0.0,56.0,1.245,0.8190000000000001,9.0,
336,336.0,336.0,336.0,2011-06-19,12.0,69.0,0.0,32.0,1.058,0.615,12.0,
337,337.0,337.0,337.0,2011-06-26,11.0,25.0,0.0,0.0,0.794,0.725,11.0,
338,338.0,338.0,338.0,2011-07-03,13.0,28.0,0.0,26.0,1.161,0.8490000000000001,13.0,
339,339.0,339.0,339.0,2011-07-10,15.0,38.0,0.0,26.0,1.426,0.6829999999999999,15.0,
340,340.0,340.0,340.0,2011-07-17,13.0,24.0,100.0,61.0,1.042,1.089,13.0,
341,341.0,341.0,341.0,2011-07-24,12.0,30.0,0.0,50.0,1.099,0.752,12.0,
342,342.0,342.0,342.0,2011-07-31,16.0,36.0,0.0,91.0,1.209,1.421,16.0,
343,343.0,343.0,343.0,2011-08-07,20.0,28.0,0.0,56.0,0.8740000000000001,0.519,20.0,
344,344.0,344.0,344.0,2011-08-14,14.0,35.0,0.0,36.0,1.455,0.621,14.0,
345,345.0,345.0,345.0,2011-08-21,7.0,0.0,0.0,25.0,1.025,1.215,7.0,
346,346.0,346.0,346.0,2011-08-28,11.0,25.0,0.0,29.0,0.575,0.66,11.0,
347,347.0,347.0,347.0,2011-09-04,11.0,30.0,96.0,27.0,1.194,0.6759999999999999,11.0,
348,348.0,348.0,348.0,2011-09-11,14.0,30.0,80.0,25.0,0.792,1.252,14.0,
349,349.0,349.0,349.0,2011-09-18,10.0,25.0,0.0,25.0,1.3659999999999999,1.037,10.0,
350,350.0,350.0,350.0,2011-09-25,12.0,28.0,100.0,29.0,1.419,0.64,12.0,
351,351.0,351.0,351.0,2011-10-02,11.0,24.0,100.0,56.0,0.945,1.006,11.0,
352,352.0,352.0,352.0,2011-10-09,13.0,26.0,0.0,79.0,0.7390000000000001,1.429,13.0,
353,353.0,353.0,353.0,2011-10-16,11.0,0.0,0.0,0.0,0.634,1.1909999999999998,11.0,
354,354.0,354.0,354.0,2011-10-23,9.0,27.0,86.0,29.0,0.6629999999999999,0.987,9.0,
355,355.0,355.0,355.0,2011-10-30,11.0,0.0,0.0,28.0,1.074,0.72,11.0,
356,356.0,356.0,356.0,2011-11-06,10.0,0.0,0.0,25.0,0.523,1.095,10.0,
357,357.0,357.0,357.0,2011-11-13,12.0,0.0,0.0,41.0,1.016,1.012,12.0,
358,358.0,358.0,358.0,2011-11-20,14.0,25.0,0.0,28.0,1.354,0.589,14.0,
359,359.0,359.0,359.0,2011-11-27,13.0,27.0,0.0,49.0,1.2890000000000001,0.657,13.0,
360,360.0,360.0,360.0,2011-12-04,9.0,0.0,85.0,26.0,0.574,1.368,9.0,
361,361.0,361.0,361.0,2011-12-11,6.0,30.0,89.0,28.0,1.1420000000000001,0.603,6.0,
362,362.0,362.0,362.0,2011-12-18,14.0,0.0,92.0,49.0,0.695,0.848,14.0,
363,363.0,363.0,363.0,2011-12-25,11.0,0.0,0.0,91.0,0.986,0.772,11.0,
364,364.0,364.0,364.0,2012-01-01,5.0,0.0,89.0,61.0,0.7979999999999999,1.157,5.0,
365,365.0,365.0,365.0,2012-01-08,7.0,0.0,80.0,26.0,0.883,0.945,7.0,
366,366.0,366.0,366.0,2012-01-15,13.0,35.0,0.0,41.0,1.453,0.601,13.0,
367,367.0,367.0,367.0,2012-01-22,14.0,47.0,0.0,26.0,0.649,1.254,14.0,
368,368.0,368.0,368.0,2012-01-29,5.0,25.0,0.0,85.0,1.226,0.758,5.0,
369,369.0,369.0,369.0,2012-02-05,16.0,52.0,100.0,28.0,1.4240000000000002,1.175,16.0,
370,370.0,370.0,370.0,2012-02-12,9.0,36.0,0.0,85.0,0.813,0.982,9.0,
371,371.0,371.0,371.0,2012-02-19,8.0,52.0,86.0,27.0,0.852,0.6559999999999999,8.0,
372,372.0,372.0,372.0,2012-02-26,11.0,24.0,0.0,61.0,0.523,0.6409999999999999,11.0,
373,373.0,373.0,373.0,2012-03-04,23.0,47.0,0.0,26.0,0.598,0.546,23.0,
374,374.0,374.0,374.0,2012-03-11,11.0,47.0,78.0,56.0,1.26,1.455,11.0,
375,375.0,375.0,375.0,2012-03-18,11.0,28.0,0.0,25.0,1.444,1.158,11.0,
376,376.0,376.0,376.0,2012-03-25,10.0,25.0,100.0,38.0,1.253,1.151,10.0,
377,377.0,377.0,377.0,2012-04-01,10.0,39.0,0.0,36.0,1.381,0.664,10.0,
378,378.0,378.0,378.0,2012-04-08,10.0,29.0,0.0,27.0,0.87,0.972,10.0,
379,379.0,379.0,379.0,2012-04-15,15.0,100.0,80.0,41.0,1.183,1.3090000000000002,15.0,
380,380.0,380.0,380.0,2012-04-22,6.0,26.0,0.0,27.0,0.833,0.825,6.0,
381,381.0,381.0,381.0,2012-04-29,7.0,52.0,0.0,25.0,0.7190000000000001,1.403,7.0,
382,382.0,382.0,382.0,2012-05-06,20.0,52.0,0.0,29.0,1.4340000000000002,1.268,20.0,
383,383.0,383.0,383.0,2012-05-13,12.0,26.0,80.0,0.0,1.3559999999999999,0.9209999999999999,12.0,
384,384.0,384.0,384.0,2012-05-20,16.0,0.0,0.0,27.0,1.301,1.496,16.0,
385,385.0,385.0,385.0,2012-05-27,10.0,52.0,0.0,61.0,1.263,1.166,10.0,
386,386.0,386.0,386.0,2012-06-03,7.0,0.0,0.0,41.0,0.895,0.767,7.0,
387,387.0,387.0,387.0,2012-06-10,6.0,52.0,0.0,27.0,1.137,0.5379999999999999,6.0,
388,388.0,388.0,388.0,2012-06-17,8.0,25.0,0.0,79.0,1.1159999999999999,1.399,8.0,
389,389.0,389.0,389.0,2012-06-24,11.0,27.0,100.0,85.0,0.873,1.45,11.0,
390,390.0,390.0,390.0,2012-07-01,16.0,30.0,0.0,42.0,0.821,0.79,16.0,
391,391.0,391.0,391.0,2012-07-08,14.0,25.0,0.0,42.0,0.652,0.774,14.0,
392,392.0,392.0,392.0,2012-07-15,13.0,0.0,0.0,32.0,0.59,1.121,13.0,
393,393.0,393.0,393.0,2012-07-22,13.0,25.0,0.0,25.0,1.422,1.452,13.0,
394,394.0,394.0,394.0,2012-07-29,3.0,0.0,0.0,30.0,0.922,0.506,3.0,
395,395.0,395.0,395.0,2012-08-05,19.0,52.0,0.0,42.0,0.711,0.8370000000000001,19.0,
396,396.0,396.0,396.0,2012-08-12,10.0,52.0,100.0,42.0,0.898,0.687,10.0,
397,397.0,397.0,397.0,2012-08-19,11.0,52.0,0.0,56.0,1.207,0.585,11.0,
398,398.0,398.0,398.0,2012-08-26,8.0,25.0,89.0,29.0,0.616,1.11,8.0,
399,399.0,399.0,399.0,2012-09-02,9.0,46.0,0.0,69.0,0.9179999999999999,0.872,9.0,
400,400.0,400.0,400.0,2012-09-09,13.0,35.0,0.0,32.0,1.09,1.181,13.0,
401,401.0,401.0,401.0,2012-09-16,12.0,35.0,78.0,27.0,1.05,1.444,12.0,
402,402.0,402.0,402.0,2012-09-23,13.0,26.0,0.0,31.0,1.4669999999999999,1.3780000000000001,13.0,
403,403.0,403.0,403.0,2012-09-30,9.0,26.0,0.0,26.0,0.586,0.846,9.0,
404,404.0,404.0,404.0,2012-10-07,14.0,25.0,78.0,42.0,0.935,1.095,14.0,
405,405.0,405.0,405.0,2012-10-14,15.0,29.0,0.0,56.0,1.3459999999999999,1.025,15.0,
406,406.0,406.0,406.0,2012-10-21,8.0,30.0,0.0,91.0,1.136,0.805,8.0,
407,407.0,407.0,407.0,2012-10-28,11.0,48.0,0.0,29.0,1.186,1.258,11.0,
408,408.0,408.0,408.0,2012-11-04,7.0,0.0,100.0,36.0,0.6629999999999999,1.329,7.0,
409,409.0,409.0,409.0,2012-11-11,13.0,28.0,0.0,69.0,0.544,1.181,13.0,
410,410.0,410.0,410.0,2012-11-18,9.0,52.0,0.0,32.0,0.75,1.266,9.0,
411,411.0,411.0,411.0,2012-11-25,10.0,24.0,100.0,61.0,0.6859999999999999,0.6459999999999999,10.0,
412,412.0,412.0,412.0,2012-12-02,10.0,38.0,0.0,29.0,1.341,1.199,10.0,
413,413.0,413.0,413.0,2012-12-09,9.0,26.0,0.0,41.0,1.436,1.128,9.0,
414,414.0,414.0,414.0,2012-12-16,13.0,48.0,0.0,31.0,0.705,1.306,13.0,
415,415.0,415.0,415.0,2012-12-23,15.0,30.0,0.0,32.0,0.578,0.897,15.0,
416,416.0,416.0,416.0,2012-12-30,12.0,51.0,0.0,29.0,0.653,0.78,12.0,
417,417.0,417.0,417.0,2013-01-06,15.0,35.0,0.0,32.0,1.092,1.4480000000000002,15.0,
418,418.0,418.0,418.0,2013-01-13,10.0,24.0,0.0,31.0,0.948,0.937,10.0,
419,419.0,419.0,419.0,2013-01-20,8.0,25.0,100.0,27.0,1.411,1.4369999999999998,8.0,
420,420.0,420.0,420.0,2013-01-27,16.0,0.0,0.0,30.0,1.44,1.386,16.0,
421,421.0,421.0,421.0,2013-02-03,14.0,100.0,0.0,25.0,0.83,0.775,14.0,
422,422.0,422.0,422.0,2013-02-10,10.0,30.0,0.0,25.0,1.431,1.188,10.0,
423,423.0,423.0,423.0,2013-02-17,5.0,27.0,85.0,29.0,0.857,1.161,5.0,
424,424.0,424.0,424.0,2013-02-24,10.0,67.0,0.0,25.0,1.444,0.768,10.0,
425,425.0,425.0,425.0,2013-03-03,10.0,46.0,100.0,36.0,0.991,1.34,10.0,
426,426.0,426.0,426.0,2013-03-10,9.0,0.0,0.0,0.0,0.74,0.993,9.0,
427,427.0,427.0,427.0,2013-03-17,15.0,50.0,0.0,50.0,1.3259999999999998,0.601,15.0,
428,428.0,428.0,428.0,2013-03-24,12.0,38.0,0.0,32.0,1.291,1.247,12.0,
429,429.0,429.0,429.0,2013-03-31,11.0,22.0,0.0,28.0,1.2690000000000001,1.124,11.0,
430,430.0,430.0,430.0,2013-04-07,8.0,25.0,0.0,49.0,1.218,1.294,8.0,
431,431.0,431.0,431.0,2013-04-14,11.0,36.0,0.0,56.0,1.46,1.365,11.0,
432,432.0,432.0,432.0,2013-04-21,7.0,46.0,92.0,31.0,0.894,1.041,7.0,
433,433.0,433.0,433.0,2013-04-28,8.0,0.0,0.0,32.0,0.865,1.232,8.0,
434,434.0,434.0,434.0,2013-05-05,13.0,0.0,0.0,26.0,1.411,0.669,13.0,
435,435.0,435.0,435.0,2013-05-12,12.0,38.0,0.0,32.0,0.905,0.9440000000000001,12.0,
436,436.0,436.0,436.0,2013-05-19,16.0,25.0,0.0,41.0,0.9059999999999999,0.535,16.0,
437,437.0,437.0,437.0,2013-05-26,10.0,0.0,0.0,32.0,1.194,1.137,10.0,
438,438.0,438.0,438.0,2013-06-02,14.0,47.0,0.0,56.0,1.288,0.892,14.0,
439,439.0,439.0,439.0,2013-06-09,8.0,36.0,0.0,32.0,0.6759999999999999,0.934,8.0,
440,440.0,440.0,440.0,2013-06-16,12.0,0.0,100.0,27.0,1.365,1.4909999999999999,12.0,
441,441.0,441.0,441.0,2013-06-23,12.0,35.0,80.0,36.0,0.501,1.287,12.0,
442,442.0,442.0,442.0,2013-06-30,10.0,47.0,0.0,31.0,0.636,1.3030000000000002,10.0,
443,443.0,443.0,443.0,2013-07-07,9.0,46.0,0.0,41.0,0.8320000000000001,1.4580000000000002,9.0,
444,444.0,444.0,444.0,2013-07-14,9.0,26.0,100.0,28.0,1.419,0.616,9.0,
445,445.0,445.0,445.0,2013-07-21,14.0,47.0,0.0,29.0,1.4569999999999999,1.435,14.0,
446,446.0,446.0,446.0,2013-07-28,10.0,39.0,0.0,91.0,1.113,1.347,10.0,
447,447.0,447.0,447.0,2013-08-04,18.0,30.0,0.0,28.0,1.4340000000000002,1.382,18.0,
448,448.0,448.0,448.0,2013-08-11,9.0,50.0,0.0,25.0,0.64,0.589,9.0,
449,449.0,449.0,449.0,2013-08-18,13.0,30.0,0.0,29.0,0.51,0.551,13.0,
450,450.0,450.0,450.0,2013-08-25,16.0,67.0,85.0,29.0,1.276,1.271,16.0,
451,451.0,451.0,451.0,2013-09-01,11.0,26.0,100.0,47.0,0.838,1.115,11.0,
452,452.0,452.0,452.0,2013-09-08,19.0,26.0,80.0,79.0,0.809,1.002,19.0,
453,453.0,453.0,453.0,2013-09-15,10.0,52.0,0.0,0.0,0.7290000000000001,1.232,10.0,
454,454.0,454.0,454.0,2013-09-22,11.0,36.0,100.0,0.0,1.473,1.195,11.0,
455,455.0,455.0,455.0,2013-09-29,14.0,48.0,0.0,91.0,0.968,1.205,14.0,
456,456.0,456.0,456.0,2013-10-06,12.0,24.0,100.0,32.0,1.084,1.189,12.0,
457,457.0,457.0,457.0,2013-10-13,15.0,0.0,0.0,32.0,0.626,1.177,15.0,
458,458.0,458.0,458.0,2013-10-20,17.0,35.0,0.0,100.0,0.855,1.41,17.0,
459,459.0,459.0,459.0,2013-10-27,14.0,28.0,0.0,61.0,1.003,0.873,14.0,
460,460.0,460.0,460.0,2013-11-03,14.0,36.0,0.0,28.0,1.045,0.7140000000000001,14.0,
461,461.0,461.0,461.0,2013-11-10,16.0,0.0,0.0,85.0,1.3419999999999999,0.852,16.0,
462,462.0,462.0,462.0,2013-11-17,9.0,47.0,0.0,79.0,0.725,1.069,9.0,
463,463.0,463.0,463.0,2013-11-24,8.0,28.0,78.0,41.0,0.501,1.4069999999999998,8.0,
464,464.0,464.0,464.0,2013-12-01,14.0,100.0,100.0,42.0,0.8079999999999999,0.7120000000000001,14.0,
465,465.0,465.0,465.0,2013-12-08,16.0,0.0,0.0,36.0,0.95,0.86,16.0,
466,466.0,466.0,466.0,2013-12-15,10.0,25.0,0.0,29.0,1.3230000000000002,1.285,10.0,
467,467.0,467.0,467.0,2013-12-22,17.0,39.0,100.0,25.0,1.3459999999999999,1.34,17.0,
468,468.0,468.0,468.0,2013-12-29,9.0,100.0,0.0,36.0,0.8490000000000001,0.546,9.0,
469,469.0,469.0,469.0,2014-01-05,7.0,39.0,0.0,0.0,0.8,0.606,7.0,
470,470.0,470.0,470.0,2014-01-12,6.0,27.0,100.0,0.0,0.848,1.0390000000000001,6.0,
471,471.0,471.0,471.0,2014-01-19,12.0,100.0,0.0,41.0,0.973,0.763,12.0,
472,472.0,472.0,472.0,2014-01-26,9.0,50.0,0.0,41.0,1.157,1.359,9.0,
473,473.0,473.0,473.0,2014-02-02,17.0,0.0,0.0,41.0,1.349,0.909,17.0,
474,474.0,474.0,474.0,2014-02-09,13.0,25.0,85.0,0.0,1.44,1.2009999999999998,13.0,
475,475.0,475.0,475.0,2014-02-16,14.0,25.0,0.0,91.0,1.165,1.131,14.0,
476,476.0,476.0,476.0,2014-02-23,16.0,26.0,86.0,56.0,0.8420000000000001,0.607,16.0,
477,477.0,477.0,477.0,2014-03-02,8.0,0.0,0.0,61.0,0.723,1.111,8.0,
478,478.0,478.0,478.0,2014-03-09,11.0,0.0,100.0,79.0,1.3,0.5329999999999999,11.0,
479,479.0,479.0,479.0,2014-03-16,11.0,34.0,0.0,36.0,0.8490000000000001,0.516,11.0,
480,480.0,480.0,480.0,2014-03-23,13.0,25.0,0.0,0.0,0.9470000000000001,0.563,13.0,
481,481.0,481.0,481.0,2014-03-30,5.0,0.0,100.0,28.0,1.459,1.27,5.0,
482,482.0,482.0,482.0,2014-04-06,15.0,46.0,0.0,28.0,0.86,0.856,15.0,
483,483.0,483.0,483.0,2014-04-13,8.0,26.0,80.0,25.0,0.55,0.612,8.0,
484,484.0,484.0,484.0,2014-04-20,15.0,52.0,0.0,79.0,1.4080000000000001,0.998,15.0,
485,485.0,485.0,485.0,2014-04-27,9.0,25.0,0.0,32.0,1.216,1.341,9.0,
486,486.0,486.0,486.0,2014-05-04,14.0,0.0,74.0,32.0,0.708,1.476,14.0,
487,487.0,487.0,487.0,2014-05-11,13.0,0.0,0.0,27.0,0.935,1.411,13.0,
488,488.0,488.0,488.0,2014-05-18,9.0,0.0,0.0,28.0,1.296,0.899,9.0,
489,489.0,489.0,489.0,2014-05-25,17.0,0.0,74.0,79.0,0.527,0.8809999999999999,17.0,
490,490.0,490.0,490.0,2014-06-01,16.0,24.0,100.0,0.0,0.636,1.324,16.0,
491,491.0,491.0,491.0,2014-06-08,19.0,30.0,0.0,91.0,1.111,1.138,19.0,
492,492.0,492.0,492.0,2014-06-15,9.0,35.0,0.0,36.0,1.435,1.092,9.0,
493,493.0,493.0,493.0,2014-06-22,19.0,52.0,0.0,36.0,0.7170000000000001,0.956,19.0,
494,494.0,494.0,494.0,2014-06-29,12.0,30.0,0.0,0.0,1.401,0.669,12.0,
495,495.0,495.0,495.0,2014-07-06,15.0,26.0,0.0,26.0,0.836,1.335,15.0,
496,496.0,496.0,496.0,2014-07-13,12.0,47.0,0.0,41.0,0.54,1.151,12.0,
497,497.0,497.0,497.0,2014-07-20,9.0,100.0,0.0,36.0,0.763,1.456,9.0,
498,498.0,498.0,498.0,2014-07-27,12.0,0.0,80.0,25.0,1.163,1.3430000000000002,12.0,
499,499.0,499.0,499.0,2014-08-03,13.0,0.0,0.0,32.0,0.972,0.713,13.0,
500,500.0,500.0,500.0,2014-08-10,13.0,36.0,0.0,49.0,1.4809999999999999,1.016,13.0,
501,501.0,501.0,501.0,2014-08-17,9.0,25.0,100.0,79.0,1.305,0.5,9.0,
502,502.0,502.0,502.0,2014-08-24,13.0,52.0,100.0,28.0,0.745,1.178,13.0,
503,503.0,503.0,503.0,2014-08-31,8.0,0.0,0.0,32.0,1.4340000000000002,0.951,8.0,
504,504.0,504.0,504.0,2014-09-07,10.0,30.0,100.0,30.0,1.126,0.97,10.0,
505,505.0,505.0,505.0,2014-09-14,12.0,35.0,80.0,61.0,0.826,0.7390000000000001,12.0,
506,506.0,506.0,506.0,2014-09-21,12.0,25.0,0.0,36.0,0.632,0.606,12.0,
507,507.0,507.0,507.0,2014-09-28,5.0,38.0,100.0,100.0,0.922,0.5529999999999999,5.0,
508,508.0,508.0,508.0,2014-10-05,7.0,0.0,0.0,100.0,1.4569999999999999,0.8029999999999999,7.0,
509,509.0,509.0,509.0,2014-10-12,12.0,24.0,0.0,32.0,0.51,1.062,12.0,
510,510.0,510.0,510.0,2014-10-19,9.0,0.0,0.0,91.0,0.726,0.9590000000000001,9.0,
511,511.0,511.0,511.0,2014-10-26,14.0,35.0,0.0,0.0,0.9570000000000001,1.207,14.0,
512,512.0,512.0,512.0,2014-11-02,9.0,47.0,0.0,69.0,0.6859999999999999,0.9209999999999999,9.0,
513,513.0,513.0,513.0,2014-11-09,7.0,50.0,0.0,31.0,0.5820000000000001,1.08,7.0,
514,514.0,514.0,514.0,2014-11-16,13.0,25.0,0.0,32.0,1.155,1.121,13.0,
515,515.0,515.0,515.0,2014-11-23,10.0,36.0,92.0,28.0,1.048,0.7709999999999999,10.0,
516,516.0,516.0,516.0,2014-11-30,16.0,24.0,0.0,27.0,0.9309999999999999,1.178,16.0,
517,517.0,517.0,517.0,2014-12-07,8.0,48.0,0.0,42.0,1.4,0.797,8.0,
518,518.0,518.0,518.0,2014-12-14,5.0,0.0,0.0,0.0,0.863,1.358,5.0,
519,519.0,519.0,519.0,2014-12-21,9.0,52.0,0.0,32.0,0.557,0.578,9.0,
520,520.0,520.0,520.0,2014-12-28,4.0,52.0,80.0,31.0,1.286,1.196,4.0,
521,521.0,521.0,521.0,2015-01-04,6.0,25.0,100.0,56.0,1.263,0.758,6.0,
522,522.0,522.0,522.0,2015-01-11,13.0,26.0,89.0,41.0,0.825,0.862,13.0,
523,523.0,523.0,523.0,2015-01-18,8.0,24.0,100.0,61.0,1.088,0.609,8.0,
524,524.0,524.0,524.0,2015-01-25,14.0,34.0,0.0,79.0,0.68,1.2570000000000001,14.0,
525,525.0,525.0,525.0,2015-02-01,15.0,25.0,0.0,32.0,1.385,0.9670000000000001,15.0,
526,526.0,526.0,526.0,2015-02-08,12.0,24.0,0.0,29.0,0.7559999999999999,0.528,12.0,
527,527.0,527.0,527.0,2015-02-15,8.0,25.0,92.0,32.0,1.207,1.392,8.0,
528,528.0,528.0,528.0,2015-02-22,13.0,0.0,0.0,0.0,0.516,1.351,13.0,
529,529.0,529.0,529.0,2015-03-01,9.0,25.0,92.0,56.0,1.001,0.565,9.0,
530,530.0,530.0,530.0,2015-03-08,13.0,30.0,100.0,56.0,0.995,0.6459999999999999,13.0,
531,531.0,531.0,531.0,2015-03-15,18.0,0.0,0.0,49.0,1.284,0.966,18.0,
532,532.0,532.0,532.0,2015-03-22,4.0,0.0,0.0,61.0,0.7859999999999999,0.74,4.0,
533,533.0,533.0,533.0,2015-03-29,9.0,47.0,78.0,25.0,1.403,1.125,9.0,
534,534.0,534.0,534.0,2015-04-05,15.0,30.0,0.0,25.0,0.7559999999999999,1.115,15.0,
535,535.0,535.0,535.0,2015-04-12,9.0,48.0,78.0,0.0,1.041,0.7070000000000001,9.0,
536,536.0,536.0,536.0,2015-04-19,9.0,30.0,100.0,41.0,1.185,1.3430000000000002,9.0,
537,537.0,537.0,537.0,2015-04-26,7.0,52.0,86.0,79.0,0.514,1.121,7.0,
538,538.0,538.0,538.0,2015-05-03,12.0,25.0,0.0,0.0,0.7290000000000001,0.99,12.0,
539,539.0,539.0,539.0,2015-05-10,16.0,0.0,0.0,41.0,0.695,0.85,16.0,
540,540.0,540.0,540.0,2015-05-17,5.0,0.0,74.0,29.0,1.093,0.565,5.0,
541,541.0,541.0,541.0,2015-05-24,12.0,0.0,92.0,0.0,0.584,0.955,12.0,
542,542.0,542.0,542.0,2015-05-31,20.0,28.0,0.0,41.0,0.526,0.588,20.0,
543,543.0,543.0,543.0,2015-06-07,12.0,26.0,0.0,61.0,1.482,0.77,12.0,
544,544.0,544.0,544.0,2015-06-14,12.0,38.0,86.0,91.0,1.061,1.147,12.0,
545,545.0,545.0,545.0,2015-06-21,13.0,25.0,0.0,49.0,0.534,0.76,13.0,
546,546.0,546.0,546.0,2015-06-28,10.0,0.0,0.0,25.0,1.0759999999999998,1.358,10.0,
547,547.0,547.0,547.0,2015-07-05,14.0,26.0,80.0,25.0,0.614,0.5710000000000001,14.0,
548,548.0,548.0,548.0,2015-07-12,10.0,39.0,0.0,32.0,0.516,0.977,10.0,
549,549.0,549.0,549.0,2015-07-19,11.0,24.0,0.0,61.0,1.002,1.219,11.0,
550,550.0,550.0,550.0,2015-07-26,10.0,0.0,92.0,49.0,0.58,0.6829999999999999,10.0,
551,551.0,551.0,551.0,2015-08-02,6.0,35.0,86.0,41.0,1.32,0.953,6.0,
552,552.0,552.0,552.0,2015-08-09,10.0,25.0,100.0,32.0,0.929,1.0959999999999999,10.0,
553,553.0,553.0,553.0,2015-08-16,9.0,38.0,0.0,61.0,1.015,1.4580000000000002,9.0,
554,554.0,554.0,554.0,2015-08-23,13.0,35.0,0.0,61.0,1.307,0.5710000000000001,13.0,
555,555.0,555.0,555.0,2015-08-30,13.0,46.0,0.0,61.0,0.821,0.763,13.0,
556,556.0,556.0,556.0,2015-09-06,8.0,28.0,96.0,28.0,0.64,0.629,8.0,
557,557.0,557.0,557.0,2015-09-13,13.0,24.0,100.0,25.0,1.0659999999999998,1.199,13.0,
558,558.0,558.0,558.0,2015-09-20,11.0,48.0,80.0,0.0,1.3319999999999999,1.444,11.0,
559,559.0,559.0,559.0,2015-09-27,16.0,48.0,86.0,32.0,1.317,0.973,16.0,
560,560.0,560.0,560.0,2015-10-04,17.0,25.0,78.0,29.0,0.5539999999999999,0.836,17.0,
561,561.0,561.0,561.0,2015-10-11,12.0,25.0,78.0,32.0,1.24,1.082,12.0,
562,562.0,562.0,562.0,2015-10-18,10.0,24.0,100.0,32.0,1.268,1.345,10.0,
563,563.0,563.0,563.0,2015-10-25,15.0,47.0,0.0,0.0,0.647,1.268,15.0,
564,564.0,564.0,564.0,2015-11-01,9.0,39.0,80.0,61.0,1.051,1.1159999999999999,9.0,
565,565.0,565.0,565.0,2015-11-08,15.0,26.0,96.0,61.0,0.584,1.475,15.0,
566,566.0,566.0,566.0,2015-11-15,18.0,25.0,0.0,32.0,0.985,1.03,18.0,
567,567.0,567.0,567.0,2015-11-22,10.0,47.0,0.0,27.0,1.19,0.774,10.0,
568,568.0,568.0,568.0,2015-11-29,10.0,25.0,100.0,61.0,0.917,0.8220000000000001,10.0,
569,569.0,569.0,569.0,2015-12-06,9.0,46.0,0.0,69.0,0.8690000000000001,1.275,9.0,
570,570.0,570.0,570.0,2015-12-13,8.0,24.0,89.0,41.0,0.96,0.5770000000000001,8.0,
571,571.0,571.0,571.0,2015-12-20,11.0,38.0,0.0,42.0,1.354,0.596,11.0,
572,572.0,572.0,572.0,2015-12-27,9.0,27.0,0.0,26.0,1.018,0.6509999999999999,9.0,
573,573.0,573.0,573.0,2016-01-03,9.0,30.0,50.0,45.0,0.78,1.3,10.0,
574,574.0,574.0,574.0,2016-01-10,14.0,34.0,63.0,0.0,1.23,0.97,13.0,
575,575.0,575.0,575.0,2016-01-17,12.0,32.0,30.0,25.0,1.12,1.22,9.0,
576,576.0,576.0,576.0,2016-01-24,16.0,40.0,55.0,55.0,1.34,1.12,14.0,
577,577.0,577.0,577.0,2016-01-31,13.0,37.0,20.0,40.0,1.12,1.11,16.0,1588540540.6588418result.html
578,,,,2016-02-07,,,,,,,10.0,1588540576.820671result.html
